index,subsystem,toc_title,page_title,url,chars,text_file,html_file,error
1,Commercial Vehicle,Add Ons,Add Ons screen,https://supportcentre.opengi.co.uk/mobiusguides/Subsystems/Commercial/Commercial_Vehicles/Add_Ons.htm,377,mobius_output\pages\0001_Add_Ons.txt,mobius_output\html\0001_Add_Ons.html,
2,Commercial Vehicle,Claims Summary,Claims Summary screen,https://supportcentre.opengi.co.uk/mobiusguides/Subsystems/Commercial/Commercial_Vehicles/Claims_Summary.htm,1073,mobius_output\pages\0002_Claims_Summary.txt,mobius_output\html\0002_Claims_Summary.html,
3,Commercial Vehicle,1: Commercial Vehicle Insurance,1: Commercial Vehicle Insurance,https://supportcentre.opengi.co.uk/mobiusguides/Subsystems/Commercial/Commercial_Vehicles/Commercial_Vehicle_Insurance.htm,2281,mobius_output\pages\0003_1_Commercial_Vehicle_Insurance.txt,mobius_output\html\0003_1_Commercial_Vehicle_Insurance.html,
4,Commercial Vehicle,Commerial Vehicle,Commercial Vehicle Contents,https://supportcentre.opengi.co.uk/mobiusguides/Subsystems/Commercial/Commercial_Vehicles/Contents.htm,383,mobius_output\pages\0004_Commerial_Vehicle.txt,mobius_output\html\0004_Commerial_Vehicle.html,
5,Commercial Vehicle,Conviction Details,Conviction Details screen,https://supportcentre.opengi.co.uk/mobiusguides/Subsystems/Commercial/Commercial_Vehicles/Conviction_Details.htm,2161,mobius_output\pages\0005_Conviction_Details.txt,mobius_output\html\0005_Conviction_Details.html,
6,Commercial Vehicle,Conviction Summary,Conviction Summary screen,https://supportcentre.opengi.co.uk/mobiusguides/Subsystems/Commercial/Commercial_Vehicles/Conviction_Summary.htm,785,mobius_output\pages\0006_Conviction_Summary.txt,mobius_output\html\0006_Conviction_Summary.html,
7,Commercial Vehicle,Driver Information,Driver  Information,https://supportcentre.opengi.co.uk/mobiusguides/Subsystems/Commercial/Commercial_Vehicles/Driver.htm,7450,mobius_output\pages\0007_Driver_Information.txt,mobius_output\html\0007_Driver_Information.html,
8,Commercial Vehicle,2: Driver Options Screen,2: Driver Options Screen,https://supportcentre.opengi.co.uk/mobiusguides/Subsystems/Commercial/Commercial_Vehicles/Driver_Options.htm,1791,mobius_output\pages\0008_2_Driver_Options_Screen.txt,mobius_output\html\0008_2_Driver_Options_Screen.html,
9,Commercial Vehicle,Drivers,Drivers screen,https://supportcentre.opengi.co.uk/mobiusguides/Subsystems/Commercial/Commercial_Vehicles/Drivers.htm,1159,mobius_output\pages\0009_Drivers.txt,mobius_output\html\0009_Drivers.html,
10,Commercial Vehicle,Health Conditions,Health Conditions screen,https://supportcentre.opengi.co.uk/mobiusguides/Subsystems/Commercial/Commercial_Vehicles/Health_Conditions.htm,833,mobius_output\pages\0010_Health_Conditions.txt,mobius_output\html\0010_Health_Conditions.html,
11,Commercial Vehicle,4: Summary Screen,4: 4: Summary Screen,https://supportcentre.opengi.co.uk/mobiusguides/Subsystems/Commercial/Commercial_Vehicles/Main_Summary.htm,5686,mobius_output\pages\0011_4_Summary_Screen.txt,mobius_output\html\0011_4_Summary_Screen.html,
12,Commercial Vehicle,Medical Conditions,Medical Conditions screen,https://supportcentre.opengi.co.uk/mobiusguides/Subsystems/Commercial/Commercial_Vehicles/Medical_Conditions.htm,907,mobius_output\pages\0012_Medical_Conditions.txt,mobius_output\html\0012_Medical_Conditions.html,
13,Commercial Vehicle,Modification Details,Modification Details screen,https://supportcentre.opengi.co.uk/mobiusguides/Subsystems/Commercial/Commercial_Vehicles/Modification_Details.htm,865,mobius_output\pages\0013_Modification_Details.txt,mobius_output\html\0013_Modification_Details.html,
14,Commercial Vehicle,Modifications,Modifications screen,https://supportcentre.opengi.co.uk/mobiusguides/Subsystems/Commercial/Commercial_Vehicles/Modifications.htm,912,mobius_output\pages\0014_Modifications.txt,mobius_output\html\0014_Modifications.html,
15,Commercial Vehicle,Motor Claim,Motor Claim screen,https://supportcentre.opengi.co.uk/mobiusguides/Subsystems/Commercial/Commercial_Vehicles/Motor_Claim.htm,2295,mobius_output\pages\0015_Motor_Claim.txt,mobius_output\html\0015_Motor_Claim.html,
16,Commercial Vehicle,Motoring Qualification Details,Motoring Qualification Details screen,https://supportcentre.opengi.co.uk/mobiusguides/Subsystems/Commercial/Commercial_Vehicles/Motoring_Qualification_Details.htm,665,mobius_output\pages\0016_Motoring_Qualification_Details.txt,mobius_output\html\0016_Motoring_Qualification_Details.html,
17,Commercial Vehicle,Occupation,Occupation screen,https://supportcentre.opengi.co.uk/mobiusguides/Subsystems/Commercial/Commercial_Vehicles/Occupation.htm,876,mobius_output\pages\0017_Occupation.txt,mobius_output\html\0017_Occupation.html,
18,Commercial Vehicle,5: Post Quote Details Screen,5: Post Quote Details Screen,https://supportcentre.opengi.co.uk/mobiusguides/Subsystems/Commercial/Commercial_Vehicles/Post_Quote_Details.htm,1382,mobius_output\pages\0018_5_Post_Quote_Details_Screen.txt,mobius_output\html\0018_5_Post_Quote_Details_Screen.html,
19,Commercial Vehicle,Qualifications,Qualifications screen,https://supportcentre.opengi.co.uk/mobiusguides/Subsystems/Commercial/Commercial_Vehicles/Qualifications.htm,2379,mobius_output\pages\0019_Qualifications.txt,mobius_output\html\0019_Qualifications.html,
20,Commercial Vehicle,Security Details,Security Details screen,https://supportcentre.opengi.co.uk/mobiusguides/Subsystems/Commercial/Commercial_Vehicles/Security_Details.htm,939,mobius_output\pages\0020_Security_Details.txt,mobius_output\html\0020_Security_Details.html,
21,Commercial Vehicle,Vehicle Cover,Commercial Vehicle Cover screen,https://supportcentre.opengi.co.uk/mobiusguides/Subsystems/Commercial/Commercial_Vehicles/Vehicle_Cover.htm,2262,mobius_output\pages\0021_Vehicle_Cover.txt,mobius_output\html\0021_Vehicle_Cover.html,
22,Commercial Vehicle,3: Vehicle Information Screen,3: Vehicle Information Screen,https://supportcentre.opengi.co.uk/mobiusguides/Subsystems/Commercial/Commercial_Vehicles/Vehicle_Details.htm,7927,mobius_output\pages\0022_3_Vehicle_Information_Screen.txt,mobius_output\html\0022_3_Vehicle_Information_Screen.html,
23,Commercial Vehicle,Vehicle Search Results,Vehicle Search Results screen,https://supportcentre.opengi.co.uk/mobiusguides/Subsystems/Commercial/Commercial_Vehicles/Vehicle_Search_Results.htm,1002,mobius_output\pages\0023_Vehicle_Search_Results.txt,mobius_output\html\0023_Vehicle_Search_Results.html,
24,Commercial Vehicle,Vehicles,Vehicle Summary screen,https://supportcentre.opengi.co.uk/mobiusguides/Subsystems/Commercial/Commercial_Vehicles/Vehicle_Summary_screen.htm,848,mobius_output\pages\0024_Vehicles.txt,mobius_output\html\0024_Vehicles.html,
25,Mobius Claims,Mobius Claims,Mobius Claims Contents,https://supportcentre.opengi.co.uk/mobiusguides/Subsystems/Mobius_Claims/Contents.htm,356,mobius_output\pages\0025_Mobius_Claims.txt,mobius_output\html\0025_Mobius_Claims.html,
26,Mobius Claims,1: Introduction and Getting Started,1: Introduction and Getting Started,https://supportcentre.opengi.co.uk/mobiusguides/Subsystems/Mobius_Claims/MC/Introduction.htm,1185,mobius_output\pages\0026_1_Introduction_and_Getting_Started.txt,mobius_output\html\0026_1_Introduction_and_Getting_Started.html,
27,Mobius Claims,About,About,https://supportcentre.opengi.co.uk/mobiusguides/Subsystems/Mobius_Claims/MC/TCC_-_About.htm,843,mobius_output\pages\0027_About.txt,mobius_output\html\0027_About.html,
28,Mobius Claims,Accessing Your Profile,Accessing Your Profile,https://supportcentre.opengi.co.uk/mobiusguides/Subsystems/Mobius_Claims/MC/TCC_-_Accessing_Your_Profile.htm,832,mobius_output\pages\0028_Accessing_Your_Profile.txt,mobius_output\html\0028_Accessing_Your_Profile.html,
29,Mobius Claims,Add Diary Entry Page,Add Diary Entry Page,https://supportcentre.opengi.co.uk/mobiusguides/Subsystems/Mobius_Claims/MC/TCC_-_Add_Diary_Entry_Page.htm,1285,mobius_output\pages\0029_Add_Diary_Entry_Page.txt,mobius_output\html\0029_Add_Diary_Entry_Page.html,
30,Mobius Claims,Admin Panel,Admin Panel,https://supportcentre.opengi.co.uk/mobiusguides/Subsystems/Mobius_Claims/MC/TCC_-_Admin_Panel.htm,4954,mobius_output\pages\0030_Admin_Panel.txt,mobius_output\html\0030_Admin_Panel.html,
31,Mobius Claims,3: The Administration Page,3: The Administration Page,https://supportcentre.opengi.co.uk/mobiusguides/Subsystems/Mobius_Claims/MC/TCC_-_Administration_Page.htm,1317,mobius_output\pages\0031_3_The_Administration_Page.txt,mobius_output\html\0031_3_The_Administration_Page.html,
32,Mobius Claims,The Agent Maintenance Page,The Agent Maintenance Page,https://supportcentre.opengi.co.uk/mobiusguides/Subsystems/Mobius_Claims/MC/TCC_-_Agent_Configuration_Page.htm,6453,mobius_output\pages\0032_The_Agent_Maintenance_Page.txt,mobius_output\html\0032_The_Agent_Maintenance_Page.html,
33,Mobius Claims,The Authority Payment Groups Page,The Authority Payment Groups Page,https://supportcentre.opengi.co.uk/mobiusguides/Subsystems/Mobius_Claims/MC/TCC_-_Authority_Payment_Groups_Page.htm,5517,mobius_output\pages\0033_The_Authority_Payment_Groups_Page.txt,mobius_output\html\0033_The_Authority_Payment_Groups_Page.html,
34,Mobius Claims,The Authority Reserve Groups Page,The Authority Reserve Groups Page,https://supportcentre.opengi.co.uk/mobiusguides/Subsystems/Mobius_Claims/MC/TCC_-_Authority_Reserve_Groups_Page.htm,5825,mobius_output\pages\0034_The_Authority_Reserve_Groups_Page.txt,mobius_output\html\0034_The_Authority_Reserve_Groups_Page.html,
35,Mobius Claims,The Classes of Business Page,The Classes of Business Page,https://supportcentre.opengi.co.uk/mobiusguides/Subsystems/Mobius_Claims/MC/TCC_-_Available_Data_Captures_Page.htm,2473,mobius_output\pages\0035_The_Classes_of_Business_Page.txt,mobius_output\html\0035_The_Classes_of_Business_Page.html,
36,Mobius Claims,Changing Your Password,Changing Your Password,https://supportcentre.opengi.co.uk/mobiusguides/Subsystems/Mobius_Claims/MC/TCC_-_Changing_Your_Password.htm,1868,mobius_output\pages\0036_Changing_Your_Password.txt,mobius_output\html\0036_Changing_Your_Password.html,
37,Mobius Claims,The Claims Details Page,The Claims Details Page,https://supportcentre.opengi.co.uk/mobiusguides/Subsystems/Mobius_Claims/MC/TCC_-_Claims_Details_page.htm,4592,mobius_output\pages\0037_The_Claims_Details_Page.txt,mobius_output\html\0037_The_Claims_Details_Page.html,
38,Mobius Claims,The Close / Reopen Tab,The Close / Reopen Tab,https://supportcentre.opengi.co.uk/mobiusguides/Subsystems/Mobius_Claims/MC/TCC_-_Close_Tab.htm,1557,mobius_output\pages\0038_The_Close_Reopen_Tab.txt,mobius_output\html\0038_The_Close_Reopen_Tab.html,
39,Mobius Claims,4: The Configuration Page,4: The Configuration Page,https://supportcentre.opengi.co.uk/mobiusguides/Subsystems/Mobius_Claims/MC/TCC_-_Configuration_Page.htm,1500,mobius_output\pages\0039_4_The_Configuration_Page.txt,mobius_output\html\0039_4_The_Configuration_Page.html,
40,Mobius Claims,Creating a Claim,Creating a Claim,https://supportcentre.opengi.co.uk/mobiusguides/Subsystems/Mobius_Claims/MC/TCC_-_Creating_a_Claim.htm,1954,mobius_output\pages\0040_Creating_a_Claim.txt,mobius_output\html\0040_Creating_a_Claim.html,
41,Mobius Claims,2: Using Mobius Claims,2: Using Mobius Claims,https://supportcentre.opengi.co.uk/mobiusguides/Subsystems/Mobius_Claims/MC/TCC_-_Dashboard_Page.htm,3772,mobius_output\pages\0041_2_Using_Mobius_Claims.txt,mobius_output\html\0041_2_Using_Mobius_Claims.html,
42,Mobius Claims,The Declarations Page,The Declarations Page,https://supportcentre.opengi.co.uk/mobiusguides/Subsystems/Mobius_Claims/MC/TCC_-_Declarations_Page.htm,5626,mobius_output\pages\0042_The_Declarations_Page.txt,mobius_output\html\0042_The_Declarations_Page.html,
43,Mobius Claims,The Diary Page,The Diary Page,https://supportcentre.opengi.co.uk/mobiusguides/Subsystems/Mobius_Claims/MC/TCC_-_Diary_Search_Page.htm,2761,mobius_output\pages\0043_The_Diary_Page.txt,mobius_output\html\0043_The_Diary_Page.html,
44,Mobius Claims,The Documents Page,The Documents Page,https://supportcentre.opengi.co.uk/mobiusguides/Subsystems/Mobius_Claims/MC/TCC_-_Document_Configuration_Page.htm,3162,mobius_output\pages\0044_The_Documents_Page.txt,mobius_output\html\0044_The_Documents_Page.html,
45,Mobius Claims,The Export History Exceptions Page,The Export History Exceptions Page,https://supportcentre.opengi.co.uk/mobiusguides/Subsystems/Mobius_Claims/MC/TCC_-_Export_History_Exceptions_Page.htm,1252,mobius_output\pages\0045_The_Export_History_Exceptions_Page.txt,mobius_output\html\0045_The_Export_History_Exceptions_Page.html,
46,Mobius Claims,The FNOL Tab,The FNOL Tab,https://supportcentre.opengi.co.uk/mobiusguides/Subsystems/Mobius_Claims/MC/TCC_-_FNOL_Tab.htm,2177,mobius_output\pages\0046_The_FNOL_Tab.txt,mobius_output\html\0046_The_FNOL_Tab.html,
47,Mobius Claims,The Financials Tab,The Financials Tab,https://supportcentre.opengi.co.uk/mobiusguides/Subsystems/Mobius_Claims/MC/TCC_-_Financials_Tab.htm,15387,mobius_output\pages\0047_The_Financials_Tab.txt,mobius_output\html\0047_The_Financials_Tab.html,
48,Mobius Claims,The GDPR Tab,The GDPR Tab,https://supportcentre.opengi.co.uk/mobiusguides/Subsystems/Mobius_Claims/MC/TCC_-_GDPR_Tab.htm,3399,mobius_output\pages\0048_The_GDPR_Tab.txt,mobius_output\html\0048_The_GDPR_Tab.html,
49,Mobius Claims,The Import History Exceptions Page,The Import History Exceptions Page,https://supportcentre.opengi.co.uk/mobiusguides/Subsystems/Mobius_Claims/MC/TCC_-_Import_History_Exceptions_Page.htm,1252,mobius_output\pages\0049_The_Import_History_Exceptions_Page.txt,mobius_output\html\0049_The_Import_History_Exceptions_Page.html,
50,Mobius Claims,The Liability Tab,The Liability Tab,https://supportcentre.opengi.co.uk/mobiusguides/Subsystems/Mobius_Claims/MC/TCC_-_Incident_Actions_-_Liability_Tab.htm,2044,mobius_output\pages\0050_The_Liability_Tab.txt,mobius_output\html\0050_The_Liability_Tab.html,
51,Mobius Claims,The More Option,The More Option,https://supportcentre.opengi.co.uk/mobiusguides/Subsystems/Mobius_Claims/MC/TCC_-_Incident_Actions_-_The_More_option.htm,7123,mobius_output\pages\0051_The_More_Option.txt,mobius_output\html\0051_The_More_Option.html,
52,Mobius Claims,The Correspondence Tab,The Correspondence Tab,https://supportcentre.opengi.co.uk/mobiusguides/Subsystems/Mobius_Claims/MC/TCC_-_Incident_Actions_Correspondence_Tab.htm,12909,mobius_output\pages\0052_The_Correspondence_Tab.txt,mobius_output\html\0052_The_Correspondence_Tab.html,
53,Mobius Claims,The Configurable Lists Page,The Configurable Lists Page,https://supportcentre.opengi.co.uk/mobiusguides/Subsystems/Mobius_Claims/MC/TCC_-_List_Configuration_Page.htm,2882,mobius_output\pages\0053_The_Configurable_Lists_Page.txt,mobius_output\html\0053_The_Configurable_Lists_Page.html,
54,Mobius Claims,Logging in to Mobius Claims,Logging in to Mobius Claims,https://supportcentre.opengi.co.uk/mobiusguides/Subsystems/Mobius_Claims/MC/TCC_-_Logging_in_to_TCC.htm,2525,mobius_output\pages\0054_Logging_in_to_Mobius_Claims.txt,mobius_output\html\0054_Logging_in_to_Mobius_Claims.html,
55,Mobius Claims,Logging Out of Mobius Claims,Logging Out of Mobius Claims,https://supportcentre.opengi.co.uk/mobiusguides/Subsystems/Mobius_Claims/MC/TCC_-_Loging_out.htm,1367,mobius_output\pages\0055_Logging_Out_of_Mobius_Claims.txt,mobius_output\html\0055_Logging_Out_of_Mobius_Claims.html,
56,Mobius Claims,The MIAFTR Configuration Page,The MIAFTR Configuration Page,https://supportcentre.opengi.co.uk/mobiusguides/Subsystems/Mobius_Claims/MC/TCC_-_MIAFTR_Configuration_Page.htm,1605,mobius_output\pages\0056_The_MIAFTR_Configuration_Page.txt,mobius_output\html\0056_The_MIAFTR_Configuration_Page.html,
57,Mobius Claims,The Diary Types Page,The Diary Types Page,https://supportcentre.opengi.co.uk/mobiusguides/Subsystems/Mobius_Claims/MC/TCC_-_Manage_Diary_Types_Page.htm,2607,mobius_output\pages\0057_The_Diary_Types_Page.txt,mobius_output\html\0057_The_Diary_Types_Page.html,
58,Mobius Claims,The Workgroups Page,The Workgroups Page,https://supportcentre.opengi.co.uk/mobiusguides/Subsystems/Mobius_Claims/MC/TCC_-_Manage_Workgroups_Page.htm,2370,mobius_output\pages\0058_The_Workgroups_Page.txt,mobius_output\html\0058_The_Workgroups_Page.html,
59,Mobius Claims,Changing to an Active Directory login,Changing to an Active Directory login,https://supportcentre.opengi.co.uk/mobiusguides/Subsystems/Mobius_Claims/MC/TCC_-_Moving_to_AD_login.htm,2147,mobius_output\pages\0059_Changing_to_an_Active_Directory_login.txt,mobius_output\html\0059_Changing_to_an_Active_Directory_login.html,
60,Mobius Claims,The Parameters Page,The Parameters Page,https://supportcentre.opengi.co.uk/mobiusguides/Subsystems/Mobius_Claims/MC/TCC_-_Parameter_Configuration_Page.htm,7843,mobius_output\pages\0060_The_Parameters_Page.txt,mobius_output\html\0060_The_Parameters_Page.html,
61,Mobius Claims,The Payment Authorization Levels Page,The Payment Authorization Levels Page,https://supportcentre.opengi.co.uk/mobiusguides/Subsystems/Mobius_Claims/MC/TCC_-_Payment_Authorization_Levels_Page.htm,1787,mobius_output\pages\0061_The_Payment_Authorization_Levels_Page.txt,mobius_output\html\0061_The_Payment_Authorization_Levels_Page.html,
62,Mobius Claims,The Payments Page,The Payments Page,https://supportcentre.opengi.co.uk/mobiusguides/Subsystems/Mobius_Claims/MC/TCC_-_Payments_page.htm,1921,mobius_output\pages\0062_The_Payments_Page.txt,mobius_output\html\0062_The_Payments_Page.html,
63,Mobius Claims,The Permission Groups Page,The Permission Groups Page,https://supportcentre.opengi.co.uk/mobiusguides/Subsystems/Mobius_Claims/MC/TCC_-_Permission_Group_Configuration_Page.htm,4922,mobius_output\pages\0063_The_Permission_Groups_Page.txt,mobius_output\html\0063_The_Permission_Groups_Page.html,
64,Mobius Claims,The Policy View Page,The Policy View Page,https://supportcentre.opengi.co.uk/mobiusguides/Subsystems/Mobius_Claims/MC/TCC_-_Policy_View_page.htm,4996,mobius_output\pages\0064_The_Policy_View_Page.txt,mobius_output\html\0064_The_Policy_View_Page.html,
65,Mobius Claims,The Print Histories Page,The Print Histories Page,https://supportcentre.opengi.co.uk/mobiusguides/Subsystems/Mobius_Claims/MC/TCC_-_Print_History_Page.htm,1329,mobius_output\pages\0065_The_Print_Histories_Page.txt,mobius_output\html\0065_The_Print_Histories_Page.html,
66,Mobius Claims,The Locked Records Page,The Locked Records Page,https://supportcentre.opengi.co.uk/mobiusguides/Subsystems/Mobius_Claims/MC/TCC_-_Records_Locked_Page.htm,1683,mobius_output\pages\0066_The_Locked_Records_Page.txt,mobius_output\html\0066_The_Locked_Records_Page.html,
67,Mobius Claims,The Search Page,The Search Page,https://supportcentre.opengi.co.uk/mobiusguides/Subsystems/Mobius_Claims/MC/TCC_-_Search_Page_Policy.htm,6568,mobius_output\pages\0067_The_Search_Page.txt,mobius_output\html\0067_The_Search_Page.html,
68,Mobius Claims,The Reserve Sections Page,The Reserve Sections Page,https://supportcentre.opengi.co.uk/mobiusguides/Subsystems/Mobius_Claims/MC/TCC_-_Section_Configuration_Page.htm,11132,mobius_output\pages\0068_The_Reserve_Sections_Page.txt,mobius_output\html\0068_The_Reserve_Sections_Page.html,
69,Mobius Claims,The Summary Page,The Summary Page,https://supportcentre.opengi.co.uk/mobiusguides/Subsystems/Mobius_Claims/MC/TCC_-_Summary_page.htm,7197,mobius_output\pages\0069_The_Summary_Page.txt,mobius_output\html\0069_The_Summary_Page.html,
70,Mobius Claims,The Supplier Maintenance Page,The Supplier Maintenance Page,https://supportcentre.opengi.co.uk/mobiusguides/Subsystems/Mobius_Claims/MC/TCC_-_Supplier_Maintenance_Page.htm,4069,mobius_output\pages\0070_The_Supplier_Maintenance_Page.txt,mobius_output\html\0070_The_Supplier_Maintenance_Page.html,
71,Mobius Claims,The Suppliers Tab,The Suppliers Tab,https://supportcentre.opengi.co.uk/mobiusguides/Subsystems/Mobius_Claims/MC/TCC_-_Suppliers_Tab.htm,3333,mobius_output\pages\0071_The_Suppliers_Tab.txt,mobius_output\html\0071_The_Suppliers_Tab.html,
72,Mobius Claims,The System Status Page,The System Status Page,https://supportcentre.opengi.co.uk/mobiusguides/Subsystems/Mobius_Claims/MC/TCC_-_System_Status_Page.htm,3781,mobius_output\pages\0072_The_System_Status_Page.txt,mobius_output\html\0072_The_System_Status_Page.html,
73,Mobius Claims,The Follow Function,The Follow Function,https://supportcentre.opengi.co.uk/mobiusguides/Subsystems/Mobius_Claims/MC/TCC_-_The_Follow_Function.htm,2578,mobius_output\pages\0073_The_Follow_Function.txt,mobius_output\html\0073_The_Follow_Function.html,
74,Mobius Claims,The Top Navigation Bar,The Top Navigation Bar,https://supportcentre.opengi.co.uk/mobiusguides/Subsystems/Mobius_Claims/MC/TCC_-_Top_Navigation_Bar.htm,1247,mobius_output\pages\0074_The_Top_Navigation_Bar.txt,mobius_output\html\0074_The_Top_Navigation_Bar.html,
75,Mobius Claims,Using Active Directory Login,Using Active Directory Login,https://supportcentre.opengi.co.uk/mobiusguides/Subsystems/Mobius_Claims/MC/TCC_-_Using_AD_login.htm,1381,mobius_output\pages\0075_Using_Active_Directory_Login.txt,mobius_output\html\0075_Using_Active_Directory_Login.html,
76,Mobius Claims,Using Mobius Claims Login,Using Mobius Claims Login,https://supportcentre.opengi.co.uk/mobiusguides/Subsystems/Mobius_Claims/MC/TCC_-_Using_TCC_login.htm,1502,mobius_output\pages\0076_Using_Mobius_Claims_Login.txt,mobius_output\html\0076_Using_Mobius_Claims_Login.html,
77,Mobius Claims,Using the Date Picker,Using the Date Picker,https://supportcentre.opengi.co.uk/mobiusguides/Subsystems/Mobius_Claims/MC/TCC_-_Using_the_Date_Picker.htm,1723,mobius_output\pages\0077_Using_the_Date_Picker.txt,mobius_output\html\0077_Using_the_Date_Picker.html,
78,Mobius Claims,View Diary Entry Page,View Diary Entry Page,https://supportcentre.opengi.co.uk/mobiusguides/Subsystems/Mobius_Claims/MC/TCC_-_View_Diary_Entry_Page.htm,1386,mobius_output\pages\0078_View_Diary_Entry_Page.txt,mobius_output\html\0078_View_Diary_Entry_Page.html,
79,Mobius Claims,The Workflow Page,The Workflow Page,https://supportcentre.opengi.co.uk/mobiusguides/Subsystems/Mobius_Claims/MC/TCC_-_Workflow_Categories_Page.htm,23824,mobius_output\pages\0079_The_Workflow_Page.txt,mobius_output\html\0079_The_Workflow_Page.html,
80,Mobius Claims,The Recent Claims Page,The Recent Claims Page,https://supportcentre.opengi.co.uk/mobiusguides/Subsystems/Mobius_Claims/MC/TTC_-_Recent_Claims_Column_Configuration_Page.htm,2152,mobius_output\pages\0080_The_Recent_Claims_Page.txt,mobius_output\html\0080_The_Recent_Claims_Page.html,
